title,imdb_id,original,year,runtime,checked
007 - Casino Royale,tt0381061,Casino Royale,2006,144,2026-10-05T13:11:38.784985
007 - Quantum Of Solace,tt0830515,Quantum of Solace,2008,106,2026-10-05T13:11:38.784985
10 Cloverfield Lane,tt1179933,10 Cloverfield Lane,2016,103,2026-10-05T13:11:38.784985
10 Coisas Que Odeio em Ti,tt0147800,10 Things I Hate About You,1999,97,2026-10-05T13:11:38.784985
1917,tt8579674,1917,2019,119,2026-10-05T13:11:38.784985
200% Lobo,tt27722575,200% Wolf,2024,98,2026-10-05T13:11:38.784985
2001: Odisseia no Espaço,tt0062622,2001: A Space Odyssey,1968,160,2026-10-05T13:11:38.784985
28 Dias,tt0191754,28 Days,2000,103,2026-10-05T13:11:38.784985
300: O Início De Um Império,tt1253863,300: Rise of an Empire,2014,102,2026-10-05T13:11:38.784985
"6 Dias, 7 Noites",tt0120828,Six Days Seven Nights,1998,98,2026-10-05T13:11:38.784985
7500,tt6436726,7500,2019,94,2026-10-05T13:11:38.784985
88 - Vingança,,,,,2026-10-05T13:11:38.784985
A Acompanhante Indesejada,,,,,2026-10-05T13:11:38.784985
A Agente Vermelha,tt2873282,Red Sparrow,2018,139,2026-10-05T13:11:38.784985
A Bala De Deus,,,,,2026-10-05T13:11:38.784985
A Caminho Do Desconhecido,,,,,2026-10-05T13:11:38.784985
A Canção que Não Planeámos,,,,,2026-10-05T13:11:38.784985
A Conspiração Da Aranha,tt0164334,Along Came a Spider,2001,104,2026-10-05T13:11:38.784985
A Criada,tt4016934,아가씨,2016,145,2026-10-05T13:11:38.784985
A Escola Dos Animais Mágicos 3,tt32241578,Die Schule der magischen Tiere 3,2024,105,2026-10-05T13:11:38.784985
A Estação do Amor,,,,,2026-10-05T13:11:38.784985
A Estrada para o Céu,,,,,2026-10-05T13:11:38.784985
A Experiência,tt0997152,The Experiment,2010,96,2026-10-05T13:11:38.784985
A Face da Morte,tt0095296,Hero and the Terror,1988,96,2026-10-05T13:11:38.784985
A Familia Addams 2,tt0106220,Addams Family Values,1993,95,2026-10-05T13:11:38.784985
A Flor do Equinócio,tt0051720,彼岸花,1958,118,2026-10-05T13:11:38.784985
A Fortaleza Secreta,tt0081259,The Octagon,1980,100,2026-10-05T13:11:38.784985
A Fúria do Herói,tt0083944,First Blood,1982,93,2026-10-05T13:11:38.784985
A Galeria dos Corações Partidos,tt2140571,The Broken Hearts Gallery,2020,108,2026-10-05T13:11:38.784985
A Guerra dos Mundos,tt13186306,War of the Worlds,2025,91,2026-10-05T13:11:38.784985
A Herança da Carne,tt0053917,Home from the Hill,1960,150,2026-10-05T13:11:38.784985
A Herdade,tt8439860,A Herdade,2019,166,2026-10-05T13:11:38.784985
A Idade Do Gelo,tt0268380,Ice Age,2002,82,2026-10-05T13:11:38.784985
A Ideia de Ti,tt9466114,The Idea of You,2024,116,2026-10-05T13:11:38.784985
A Imperatriz Yan Kwei Fei,,,,,2026-10-05T13:11:38.784985
A Lagoa Azul: O Despertar,,,,,2026-10-05T13:11:38.784985
A Lenda Do Cavaleiro Sem Cabeça,tt0162661,Sleepy Hollow,1999,100,2026-10-05T13:11:38.784985
A Lenda de Ochi,tt8866456,The Legend of Ochi,2025,95,2026-10-05T13:11:38.784985
A Lenda do Medalhão Perdido,,,,,2026-10-05T13:11:38.784985
A Lenda do Santo Bebedor,,,,,2026-10-05T13:11:38.784985
A Lojinha Dos Horrores,tt0091419,Little Shop of Horrors,1986,94,2026-10-05T13:11:38.784985
A Melbourne Match,,,,,2026-10-05T13:11:38.784985
A Melhor Oferta,tt1924396,La migliore offerta,2013,130,2026-10-05T13:11:38.784985
A Melodia do Mal,,,,,2026-10-05T13:11:38.784985
A Memória do Cheiro das Coisas,tt32430402,A Memória do Cheiro das Coisas,2025,96,2026-10-05T13:11:38.784985
A Minha Vida Sexual... ou Como Entrei Numa Discussão,,,,,2026-10-05T13:11:38.784985
A Morte Chega de Madrugada,tt0092991,Evil Dead II,1987,84,2026-10-05T13:11:38.784985
A Mulher Que Acreditava Ser Presidente Dos EUA,tt0342798,A Mulher que Acreditava Ser Presidente dos EUA,2003,114,2026-10-05T13:11:38.784985
A Mão Negra,,,,,2026-10-05T13:11:38.784985
A Múmia,tt0120616,The Mummy,1999,120,2026-10-05T13:11:38.784985
A Noite Dos Mortos-Vivos,tt1288558,Evil Dead,2013,91,2026-10-05T13:11:38.784985
A Noite do Desespero,tt0099409,Desperate Hours,1990,105,2026-10-05T13:11:38.784985
A Noite dos Mortos-Vivos,tt0083907,The Evil Dead,1983,85,2026-10-05T13:11:38.784985
A Pianista,tt32278492,A Pianista,2025,98,2026-10-05T13:11:38.784985
A Playful Love,,,,,2026-10-05T13:11:38.784985
A Playlist do Amor,,,,,2026-10-05T13:11:38.784985
A Queda do Império Romano,tt0058085,The Fall of the Roman Empire,1964,190,2026-10-05T13:11:38.784985
A Ressaca,tt1119646,The Hangover,2009,100,2026-10-05T13:11:38.784985
A Ressaca - Parte III,tt1951261,The Hangover Part III,2013,100,2026-10-05T13:11:38.784985
A Sociedade Americana de Negros Mágicos,tt30007864,The American Society of Magical Negroes,2024,105,2026-10-05T13:11:38.784985
A Terra Treme,tt0040866,La terra trema,1949,160,2026-10-05T13:11:38.784985
A Testemunha,tt0090329,Witness,1985,112,2026-10-05T13:11:38.784985
A Verdade sobre Charlie,tt0270707,The Truth About Charlie,2002,104,2026-10-05T13:11:38.784985
A Vespa,,,,,2026-10-05T13:11:38.784985
A Vida Por Um Fio,tt3727202,Life on the Line,2016,97,2026-10-05T13:11:38.784985
A Vida Secreta Dos Nossos Bichos (VP),tt2709768,The Secret Life of Pets,2016,87,2026-10-05T13:11:38.784985
A Vida Secreta Dos Nossos Bichos (Vp),tt2709768,The Secret Life of Pets,2016,87,2026-10-05T13:11:38.784985
A Vizinha Do Lado,tt0038228,A Vizinha do Lado,1945,110,2026-10-05T13:11:38.784985
A Volta ao Mundo em 80 Dias,tt0327437,Around the World in 80 Days,2004,120,2026-10-05T13:11:38.784985
A lista de Schindler,tt0108052,Schindler's List,1993,195,2026-10-05T13:11:38.784985
A Época mais Colorida do Ano,,,,,2026-10-05T13:11:38.784985
A Última Golpada,tt0072288,Thunderbolt and Lightfoot,1974,116,2026-10-05T13:11:38.784985
A Última Morte,,,,,2026-10-05T13:11:38.784985
A-X-L: Uma Amizade Extraordinária,tt5709188,A-X-L,2018,98,2026-10-05T13:11:38.784985
Ace Ventura - Detective Animal,tt0109040,Ace Ventura: Pet Detective,1994,86,2026-10-05T13:11:38.784985
Acts of Vengeance,tt6288694,Acts of Vengeance,2017,87,2026-10-05T13:11:38.784985
Adeus Ilusões,,,,,2026-10-05T13:11:38.784985
"Adeus, Amigo",tt0083833,Diner,1982,110,2026-10-05T13:11:38.784985
After: Depois De Tudo,tt15334488,After Everything,2023,93,2026-10-05T13:11:38.784985
Ainda Sei o que Fizeste no Verão Passado,tt0130018,I Still Know What You Did Last Summer,1998,100,2026-10-05T13:11:38.784985
Al Berto,tt5894846,Al Berto,2017,113,2026-10-05T13:11:38.784985
Alerta Global,,,,,2026-10-05T13:11:38.784985
Alien: Rubicon,tt33383283,Alien: Rubicon,2024,90,2026-10-05T13:11:38.784985
Alpha,tt28797114,Alpha.,2025,100,2026-10-05T13:11:38.784985
Alta Pedrada,tt0910936,Pineapple Express,2008,111,2026-10-05T13:11:38.784985
Alvin e os Esquilos,tt0952640,Alvin and the Chipmunks,2007,92,2026-10-05T13:11:38.784985
Amar Em Nova Iorque,tt0174480,Autumn in New York,2000,105,2026-10-05T13:11:38.784985
Amar... é Complicado!,tt1230414,It's Complicated,2009,121,2026-10-05T13:11:38.784985
Ambulância,tt4998632,Ambulance,2022,136,2026-10-05T13:11:38.784985
Ameaça em Alto Mar,tt22863968,Something in the Water,2024,86,2026-10-05T13:11:38.784985
American Honey,tt3721936,American Honey,2016,163,2026-10-05T13:11:38.784985
American Pie - A Primeira Vez,tt0163651,American Pie,1999,95,2026-10-05T13:11:38.784985
American Pie 2 - O Ano Seguinte,tt0252866,American Pie 2,2001,108,2026-10-05T13:11:38.784985
"American Pie, o Casamento",tt0328828,American Wedding,2003,96,2026-10-05T13:11:38.784985
Amigos Coloridos,tt1632708,Friends with Benefits,2011,109,2026-10-05T13:11:38.784985
Amor De Perdição,tt0035633,Amor de Perdição,1943,128,2026-10-05T13:11:38.784985
Amor Envenenado: A História de Stacey Castor,,,,,2026-10-05T13:11:38.784985
Amor no Amazonas,,,,,2026-10-05T13:11:38.784985
Amor pelo Espetáculo,,,,,2026-10-05T13:11:38.784985
Amor sem Aviso,tt0313737,Two Weeks Notice,2002,100,2026-10-05T13:11:38.784985
An Easter Bloom,tt30645182,An Easter Bloom,2024,85,2026-10-05T13:11:38.784985
Animais Noturnos,tt4550098,Nocturnal Animals,2016,116,2026-10-05T13:11:38.784985
Anjos e Demónios,tt0808151,Angels & Demons,2009,139,2026-10-05T13:11:38.784985
Annie,tt0083564,Annie,1982,127,2026-10-05T13:11:38.784985
"Ano Novo, Vida Nova!",tt1598822,New Year's Eve,2011,118,2026-10-05T13:11:38.784985
Antes da Revolução,tt0056371,Prima della rivoluzione,1964,111,2026-10-05T13:11:38.784985
Antigang,tt4232610,Antigang,2015,92,2026-10-05T13:11:38.784985
Apanha-Me Se Puderes,tt0264464,Catch Me If You Can,2002,141,2026-10-05T13:11:38.784985
Aquaman,tt1477834,Aquaman,2018,143,2026-10-05T13:11:38.784985
Aquaman e o Reino Perdido,tt9663764,Aquaman and the Lost Kingdom,2023,124,2026-10-05T13:11:38.784985
Armadilha,tt26753003,Trap,2024,105,2026-10-05T13:11:38.784985
Armados em Polícias,tt1924435,Let's Be Cops,2014,104,2026-10-05T13:11:38.784985
Arranha-Céus,tt5758778,Skyscraper,2018,109,2026-10-05T13:11:38.784985
As Aventuras de Uma Viajante na Coreia do Sul,tt31015344,여행자의 필요,2024,90,2026-10-05T13:11:38.784985
As Cinquenta Sombras De Grey,tt2322441,Fifty Shades of Grey,2015,125,2026-10-05T13:11:38.784985
As Duas Faces do Espelho,tt0117057,The Mirror Has Two Faces,1996,126,2026-10-05T13:11:38.784985
As Lições da Peaches,,,,,2026-10-05T13:11:38.784985
As Raparigas que Desejamos,,,,,2026-10-05T13:11:38.784985
Assalto Infernal,tt0106582,Cliffhanger,1993,112,2026-10-05T13:11:38.784985
Assalto ao Aeroporto,tt0099423,Die Hard 2,1990,124,2026-10-05T13:11:38.784985
Assalto ao Metro 123,tt1111422,The Taking of Pelham 1 2 3,2009,121,2026-10-05T13:11:38.784985
Assalto À Casa Branca,tt2302755,Olympus Has Fallen,2013,120,2026-10-05T13:11:38.784985
Assassinato Em Arles,,,,,2026-10-05T13:11:38.784985
Assassinato Em Corrèze,,,,,2026-10-05T13:11:38.784985
Assassinato Em Cote Bleue,,,,,2026-10-05T13:11:38.784985
Assassinato em…,tt3355064,La disparue du Pyla,2014,97,2026-10-05T13:11:38.784985
Assassinos Substitutos,tt0120008,The Replacement Killers,1998,87,2026-10-05T13:11:38.784985
Assassin´s Creed,tt2094766,Assassin's Creed,2016,115,2026-10-05T13:11:38.784985
Assim Nasce Uma Estrela,tt1517451,A Star Is Born,2018,136,2026-10-05T13:11:38.784985
Astérix & Obélix: O Império do Meio,tt11210390,Astérix & Obélix : L'Empire du Milieu,2023,112,2026-10-05T13:11:38.784985
Ataque ao Poder,tt2334879,White House Down,2013,131,2026-10-05T13:11:38.784985
Atirador de Elite,tt1946298,Le Guetteur,2012,89,2026-10-05T13:11:38.784985
Bad Boys Para Sempre,tt1502397,Bad Boys for Life,2020,124,2026-10-05T13:11:38.784985
Bala Certeira,tt1308729,Bullet to the Head,2012,91,2026-10-05T13:11:38.784985
Bandidos,tt0062706,Bandidos,1967,94,2026-10-05T13:11:38.784985
Barbie,tt1517268,Barbie,2023,114,2026-10-05T13:11:38.784985
Bastille Day - Missão Antiterrorista,tt2368619,Bastille Day,2016,92,2026-10-05T13:11:38.784985
Batman Para Sempre,tt0112462,Batman Forever,1995,122,2026-10-05T13:11:38.784985
Battleship - Batalha Naval,tt1440129,Battleship,2012,131,2026-10-05T13:11:38.784985
Baywatch: Marés Vivas,tt1469304,Baywatch,2017,116,2026-10-05T13:11:38.784985
Bell e Sebastião: A Próxima Geração,tt16248144,Belle et Sébastien - Nouvelle génération,2022,96,2026-10-05T13:11:38.784985
Bilhete Para O Paraíso,tt14109724,Ticket to Paradise,2022,104,2026-10-05T13:11:38.784985
Bird,tt28277817,Bird,2024,119,2026-10-05T13:11:38.784985
Black Adam,tt6443346,Black Adam,2022,124,2026-10-05T13:11:38.784985
Blackhat: Ameaça na Rede,tt2717822,Blackhat,2015,135,2026-10-05T13:11:38.784985
Blade,tt0120611,Blade,1998,121,2026-10-05T13:11:38.784985
Blade II,tt0187738,Blade II,2002,120,2026-10-05T13:11:38.784985
Blade III: Trinity,tt0359013,Blade: Trinity,2004,113,2026-10-05T13:11:38.784985
Blade Runner 2049,tt1856101,Blade Runner 2049,2017,164,2026-10-05T13:11:38.784985
Blue Beetle,tt9362930,Blue Beetle,2023,128,2026-10-05T13:11:38.784985
Bodyguard From Beijing,,,,,2026-10-05T13:11:38.784985
Bolero,tt0086987,Bolero,1984,105,2026-10-05T13:11:38.784985
Bom Dia,tt0053134,お早よう,1959,94,2026-10-05T13:11:38.784985
Bonecas em Fuga,tt19356262,Drive-Away Dolls,2024,84,2026-10-05T13:11:38.784985
Bons Rapazes,tt3799694,The Nice Guys,2016,116,2026-10-05T13:11:38.784985
Break In,tt0790626,Break-In,2006,90,2026-10-05T13:11:38.784985
Bullet,tt2544734,Bullet,2014,87,2026-10-05T13:11:38.784985
Bumblebee,tt4701182,Bumblebee,2018,114,2026-10-05T13:11:38.784985
Cai a Noite Sobre a Cidade,,,,,2026-10-05T13:11:38.784985
Calígula – Ultimate Cut,,,,,2026-10-05T13:11:38.784985
Caminho de Fogo,tt0091055,Firewalker,1986,104,2026-10-05T13:11:38.784985
Candy Cane Lane,tt21328106,Candy Cane Lane,2023,117,2026-10-05T13:11:38.784985
Cantar!,tt3470600,Sing,2016,108,2026-10-05T13:11:38.784985
Capitão Dentes de Sabre e a Condessa de Gral,tt33540970,Kaptein Sabeltann og Grevinnen av Gral,2025,74,2026-10-05T13:11:38.784985
Capitão Dentes de Sabre e a Condessa de Gral (VP),tt33540970,Kaptein Sabeltann og Grevinnen av Gral,2025,74,2026-10-05T13:11:38.784985
Cartouche,tt0055832,Cartouche,1962,114,2026-10-05T13:11:38.784985
Cash Out - Assalto Perfeito,,,,,2026-10-05T13:11:38.784985
Castle Falls,tt11377298,Castle Falls,2021,90,2026-10-05T13:11:38.784985
Categoria 5,,,,,2026-10-05T13:11:38.784985
Cativos do Mal,,,,,2026-10-05T13:11:38.784985
Cenas de Natureza Sexual,tt0475380,Scenes of a Sexual Nature,2006,91,2026-10-05T13:11:38.784985
Challengers,tt16426418,Challengers,2024,132,2026-10-05T13:11:38.784985
"Christine, o Carro Assassino",tt0085333,Christine,1983,90,2026-10-05T13:11:38.784985
Cidade Dividida,tt1235522,Broken City,2013,109,2026-10-05T13:11:38.784985
Cidade Em Chamas,,,,,2026-10-05T13:11:38.784985
Cidade em Guerra,,,,,2026-10-05T13:11:38.784985
Cleopatra Jones e o Casino do Ouro,,,,,2026-10-05T13:11:38.784985
Clifford - O Cão Vermelho,tt2397461,Clifford the Big Red Dog,2021,96,2026-10-05T13:11:38.784985
Clube dos Anjos Caídos: Heróis e Vilões,,,,,2026-10-05T13:11:38.784985
Collide - A Alta Velocidade,tt2126235,Collide,2016,99,2026-10-05T13:11:38.784985
Colombiana,tt1657507,Colombiana,2011,108,2026-10-05T13:11:38.784985
Com Outra? …Nem Morta!,,,,,2026-10-05T13:11:38.784985
Com a Corda no Pescoço,,,,,2026-10-05T13:11:38.784985
Como Despachar um Encalhado,tt0427229,Failure to Launch,2006,97,2026-10-05T13:11:38.784985
Condução Perigosa,tt2968804,Drive Hard,2014,96,2026-10-05T13:11:38.784985
Conspiração Implacável,tt13382698,Trigger Point,2021,82,2026-10-05T13:11:38.784985
Contra Todos,tt13923084,Boy Kills World,2024,111,2026-10-05T13:11:38.784985
Contra-Ataque Mortal,,,,,2026-10-05T13:11:38.784985
Coragem Debaixo de Fogo,tt0115956,Courage Under Fire,1996,117,2026-10-05T13:11:38.784985
Coraline E A Porta Secreta,tt0327597,Coraline,2009,100,2026-10-05T13:11:38.784985
Coração Louco,,,,,2026-10-05T13:11:38.784985
Crepúsculo em Tóquio,tt0051093,東京暮色,1957,140,2026-10-05T13:11:38.784985
Cuckoo,tt12349832,Cuckoo,2024,102,2026-10-05T13:11:38.784985
Cul-De-Sac - O Beco,tt0060268,Cul-de-sac,1966,112,2026-10-05T13:11:38.784985
Curiosa,tt7598076,Curiosa,2019,107,2026-10-05T13:11:38.784985
Código De Silêncio,tt5826432,Burning Sands,2017,105,2026-10-05T13:11:38.784985
D-Tox,tt0160184,D-Tox,2002,96,2026-10-05T13:11:38.784985
DC Down,tt26658360,DC Down,2023,90,2026-10-05T13:11:38.784985
DJ Ahmet,,,,,2026-10-05T13:11:38.784985
David,tt15678738,David,2025,109,2026-10-05T13:11:38.784985
De Malas Aviadas,tt1095174,New in Town,2009,97,2026-10-05T13:11:38.784985
De Olhos Bem Fechados,tt0120663,Eyes Wide Shut,1999,159,2026-10-05T13:11:38.784985
Deadlock: Sem Saída,tt10957044,Deadlock,2021,96,2026-10-05T13:11:38.784985
Desafio Total,tt0100802,Total Recall,1990,113,2026-10-05T13:11:38.784985
Desaparecido Em Combate 2,tt0089604,Missing in Action 2: The Beginning,1985,95,2026-10-05T13:11:38.784985
Desejarás o Homem da Tua Irmã,,,,,2026-10-05T13:11:38.784985
Destroyer: Ajuste de Contas,tt7137380,Destroyer,2018,121,2026-10-05T13:11:38.784985
Detonação,tt0298814,The Core,2003,135,2026-10-05T13:11:38.784985
Devotion - Uma História de Heróis,tt7693316,Devotion,2022,139,2026-10-05T13:11:38.784985
Dheepan,tt4082068,Dheepan,2015,115,2026-10-05T13:11:38.784985
Dia De Treino,tt0139654,Training Day,2001,122,2026-10-05T13:11:38.784985
Dia de Acerto de Contas,tt35317668,Day of Reckoning,2025,106,2026-10-05T13:11:38.784985
Diamantino,tt6522668,Diamantino,2018,96,2026-10-05T13:11:38.784985
Die Hard a Vingança,tt0112864,Die Hard: With a Vengeance,1995,131,2026-10-05T13:11:38.784985
Diminuendo,tt5893906,Diminuendo,2018,106,2026-10-05T13:11:38.784985
Distrito 9,tt1136608,District 9,2009,112,2026-10-05T13:11:38.784985
Diário da Minha Vagina,,,,,2026-10-05T13:11:38.784985
Doidos por Mary,tt0129387,There's Something About Mary,1998,119,2026-10-05T13:11:38.784985
Donnie Darko,tt0246578,Donnie Darko,2001,113,2026-10-05T13:11:38.784985
DragonHeart: Coração de Dragão,tt0116136,DragonHeart,1996,103,2026-10-05T13:11:38.784985
Dragão Vermelho,tt0289765,Red Dragon,2002,124,2026-10-05T13:11:38.784985
Dulcineia,tt9431096,Dulcineia,2023,88,2026-10-05T13:11:38.784985
Duna,tt1160419,Dune,2021,155,2026-10-05T13:11:38.784985
Duro De Matar,tt0297162,Half Past Dead,2002,99,2026-10-05T13:11:38.784985
Dá Tempo ao Tempo,tt2194499,About Time,2013,123,2026-10-05T13:11:38.784985
Dá e Leva,tt1980209,Pain & Gain,2013,129,2026-10-05T13:11:38.784985
Dívida de Sangue,tt0309377,Blood Work,2002,111,2026-10-05T13:11:38.784985
Elas,tt0119057,Elles,1997,97,2026-10-05T13:11:38.784985
Ella Encantada,tt0327679,Ella Enchanted,2004,96,2026-10-05T13:11:38.784985
Elysium,tt1535108,Elysium,2013,110,2026-10-05T13:11:38.784985
Em Defesa de Sua Majestade,tt0300471,Shanghai Knights,2003,114,2026-10-05T13:11:38.784985
Em Fúria,tt10059518,Unhinged,2020,91,2026-10-05T13:11:38.784985
Em Terra Selvagem,tt0110725,On Deadly Ground,1994,102,2026-10-05T13:11:38.784985
Era Uma Vez Um Rapaz,tt0276751,About a Boy,2002,101,2026-10-05T13:11:38.784985
Era uma Vez no México,tt0285823,Once Upon a Time in Mexico,2003,101,2026-10-05T13:11:38.784985
Eraser,tt0116213,Eraser,1996,115,2026-10-05T13:11:38.784985
Erin Brockovich,tt0195685,Erin Brockovich,2000,131,2026-10-05T13:11:38.784985
Espanglês,tt0371246,Spanglish,2004,130,2026-10-05T13:11:38.784985
Espia... Como Puderes!,tt0117723,Spy Hard,1996,81,2026-10-05T13:11:38.784985
Esquadrão de Combate,,,,,2026-10-05T13:11:38.784985
Estado de Sítio,tt0133952,The Siege,1998,111,2026-10-05T13:11:38.784985
Este País Não É Para Velhos,tt0477348,No Country for Old Men,2007,122,2026-10-05T13:11:38.784985
Estrada do Desespero,,,,,2026-10-05T13:11:38.784985
Eu Capitão,tt14225838,Io capitano,2023,121,2026-10-05T13:11:38.784985
Eu e o Sr. Perfeito,,,,,2026-10-05T13:11:38.784985
"Eu, Frankenstein",tt1418377,"I, Frankenstein",2014,93,2026-10-05T13:11:38.784985
"Eu, Tu E O Emplastro",tt0463034,"You, Me and Dupree",2006,108,2026-10-05T13:11:38.784985
Ex Machina,tt0470752,Ex Machina,2015,108,2026-10-05T13:11:38.784985
Exterminador Implacável - A Salvação,tt0438488,Terminator Salvation,2009,115,2026-10-05T13:11:38.784985
Exterminador implacável 2: O dia do Julgamento,tt0103064,Terminator 2: Judgment Day,1991,136,2026-10-05T13:11:38.784985
Filho do Crime,tt2452200,Son of a Gun,2014,108,2026-10-05T13:11:38.784985
Five Nights at Freddy´s,tt4589218,Five Nights at Freddy's,2023,110,2026-10-05T13:11:38.784985
Força Anti-Crime,tt1321870,Gangster Squad,2013,113,2026-10-05T13:11:38.784985
Força Aérea 1,tt0118571,Air Force One,1997,124,2026-10-05T13:11:38.784985
Força Delta,tt0090927,The Delta Force,1986,125,2026-10-05T13:11:38.784985
Força Devastadora,tt1528718,Born to Raise Hell,2010,96,2026-10-05T13:11:38.784985
French Girl,tt23319892,French Girl,2024,106,2026-10-05T13:11:38.784985
Fuga para a Vitória,tt0083284,Escape to Victory,1981,116,2026-10-05T13:11:38.784985
Furiosa: Uma Saga Mad Max,tt12037194,Furiosa: A Mad Max Saga,2024,148,2026-10-05T13:11:38.784985
Fúria,tt2713180,Fury,2014,134,2026-10-05T13:11:38.784985
Gangster Americano,tt0765429,American Gangster,2007,160,2026-10-05T13:11:38.784985
Garfield: O Filme,tt5779228,The Garfield Movie,2024,101,2026-10-05T13:11:38.784985
Geração Esquecida,,,,,2026-10-05T13:11:38.784985
Geração Maldita,tt0112887,The Doom Generation,1995,84,2026-10-05T13:11:38.784985
Ghost In The Shell - Agente Do Futuro,tt1219827,Ghost in the Shell,2017,107,2026-10-05T13:11:38.784985
Ghost Rider,tt0259324,Ghost Rider,2007,114,2026-10-05T13:11:38.784985
Golpe ao Amanhecer,tt0443450,Black Dawn,2006,96,2026-10-05T13:11:38.784985
Gringa,tt8001026,Gringa,2023,103,2026-10-05T13:11:38.784985
Guia para o Amor,,,,,2026-10-05T13:11:38.784985
Gunner,tt12598606,Gunner,2024,90,2026-10-05T13:11:38.784985
Hair,tt0079261,Hair,1979,121,2026-10-05T13:11:38.784985
Hairspray,tt0427327,Hairspray,2007,117,2026-10-05T13:11:38.784985
Harry Potter e a Câmara dos Segredos,tt0295297,Harry Potter and the Chamber of Secrets,2002,154,2026-10-05T13:11:38.784985
Harry Potter e a Pedra Filosofal,tt0241527,Harry Potter and the Philosopher's Stone,2001,146,2026-10-05T13:11:38.784985
Harry Potter e o Prisioneiro de Azkaban,tt0304141,Harry Potter and the Prisoner of Azkaban,2004,142,2026-10-05T13:11:38.784985
Heidi E O Lince Da Montanha,tt14260876,Heidi - Die Legende vom Luchs,2025,76,2026-10-05T13:11:38.784985
Herege,tt28015403,Heretic,2024,111,2026-10-05T13:11:38.784985
História de um Proprietário Rural,tt0039651,長屋紳士録,1947,72,2026-10-05T13:11:38.784985
Holland,tt3045628,Holland,2025,108,2026-10-05T13:11:38.784985
Homem-Cão,tt10954718,Dog Man,2025,91,2026-10-05T13:11:38.784985
Homestead - A Fortaleza,tt29137778,Homestead,2024,111,2026-10-05T13:11:38.784985
Hora De Ponta,tt0120812,Rush Hour,1998,97,2026-10-05T13:11:38.784985
Hora De Ponta 2,tt0266915,Rush Hour 2,2001,90,2026-10-05T13:11:38.784985
Hora De Ponta 3,tt0293564,Rush Hour 3,2007,90,2026-10-05T13:11:38.784985
Hora de Ponta,tt0120812,Rush Hour,1998,97,2026-10-05T13:11:38.784985
Hora de Ponta 2,tt0266915,Rush Hour 2,2001,90,2026-10-05T13:11:38.784985
Hora de Ponta 3,tt0293564,Rush Hour 3,2007,90,2026-10-05T13:11:38.784985
Hora de Vingança,tt3212232,I Am Wrath,2016,92,2026-10-05T13:11:38.784985
Hostis,tt5478478,Hostiles,2017,134,2026-10-05T13:11:38.784985
Hotel para Cães,tt0785006,Hotel for Dogs,2009,100,2026-10-05T13:11:38.784985
Hunger Games - Os Jogos da Fome,tt1392170,The Hunger Games,2012,143,2026-10-05T13:11:38.784985
Hunter Killer,tt1846589,Hunter Killer,2018,122,2026-10-05T13:11:38.784985
Hypnotic - Arma Invisível,tt8080204,Hypnotic,2023,93,2026-10-05T13:11:38.784985
IF: Amigos Imaginários,tt11152168,IF,2024,107,2026-10-05T13:11:38.784985
Indiana Jones E A Grande Cruzada,tt0097576,Indiana Jones and the Last Crusade,1989,127,2026-10-05T13:11:38.784985
Indiana Jones E O Templo Perdido,tt0087469,Indiana Jones and the Temple of Doom,1984,118,2026-10-05T13:11:38.784985
Inferno,tt3062096,Inferno,2016,121,2026-10-05T13:11:38.784985
Inferno na Prisão 2,,,,,2026-10-05T13:11:38.784985
Inimigos Públicos,tt1152836,Public Enemies,2009,140,2026-10-05T13:11:38.784985
Intruso,tt0107224,Intruso,1993,86,2026-10-05T13:11:38.784985
Invasão De Domicílio,tt7137846,Breaking In,2018,88,2026-10-05T13:11:38.784985
Invasão De Privacidade,tt2679552,I.T.,2016,96,2026-10-05T13:11:38.784985
Inverno Mortal,tt7574556,Dead of Winter,2025,99,2026-10-05T13:11:38.784985
Isto Acaba Aqui,tt10655524,It Ends with Us,2024,131,2026-10-05T13:11:38.784985
Jackpot!,tt0261755,Jackpot,2001,97,2026-10-05T13:11:38.784985
Jogo de Assassinos,tt6722400,Fast Charlie,2023,90,2026-10-05T13:11:38.784985
John Wick 3: Implacável,tt6146586,John Wick: Chapter 3 - Parabellum,2019,130,2026-10-05T13:11:38.784985
Johnny English,tt0274166,Johnny English,2003,83,2026-10-05T13:11:38.784985
Joker,tt7286456,Joker,2019,122,2026-10-05T13:11:38.784985
Joker: Loucura a Dois,tt11315808,Joker: Folie à Deux,2024,132,2026-10-05T13:11:38.784985
Jornalismo Sem Censura,,,,,2026-10-05T13:11:38.784985
Jovens em Delírio,tt0110950,Reality Bites,1994,98,2026-10-05T13:11:38.784985
Julie & Julia,tt1135503,Julie & Julia,2009,123,2026-10-05T13:11:38.784985
Jumanji: Bem-Vindos à Selva,tt2283362,Jumanji: Welcome to the Jungle,2017,119,2026-10-05T13:11:38.784985
Jurassic Park III,tt0163025,Jurassic Park III,2001,88,2026-10-05T13:11:38.784985
Karate Kid: Os Campeões,tt1674782,Karate Kid: Legends,2025,118,2026-10-05T13:11:38.784985
Kingsman: O Círculo Dourado,tt4649466,Kingsman: The Golden Circle,2017,141,2026-10-05T13:11:38.784985
Kingsman: Serviços Secretos,tt2802144,Kingsman: The Secret Service,2015,129,2026-10-05T13:11:38.784985
Kiss & Kill - Beijos & Balas,tt1103153,Killers,2010,100,2026-10-05T13:11:38.784985
Kiss Kiss Bang Bang,tt0228488,Kiss Kiss (Bang Bang),2001,101,2026-10-05T13:11:38.784985
Kiss the Future,tt17022868,Kiss the Future,2024,103,2026-10-05T13:11:38.784985
Km 224,tt14144834,Km 224,2022,139,2026-10-05T13:11:38.784985
Knives Out - Todos São Suspeitos,tt8946378,Knives Out,2019,131,2026-10-05T13:11:38.784985
Kong: Ilha Da Caveira,tt3731562,Kong: Skull Island,2017,118,2026-10-05T13:11:38.784985
Labirinto de Sombras,tt35503482,বাক্স বন্দি,2026,93,2026-10-05T13:11:38.784985
Ladrão e Polícia,tt0181316,Blue Streak,1999,93,2026-10-05T13:11:38.784985
Ladrões de Elite,tt4876134,The Misfits,2021,94,2026-10-05T13:11:38.784985
Land of Bad,tt19864802,Land of Bad,2024,113,2026-10-05T13:11:38.784985
Laranja Mecânica,tt0066921,A Clockwork Orange,1971,136,2026-10-05T13:11:38.784985
Largo Winch: O Preço do Dinheiro,,,,,2026-10-05T13:11:38.784985
Larry Crowne,tt1583420,Larry Crowne,2011,98,2026-10-05T13:11:38.784985
Lembras-te da Última Noite?,,,,,2026-10-05T13:11:38.784985
Ler Lolita em Teerão,,,,,2026-10-05T13:11:38.784985
Liga de Cavalheiros Extraordinários,tt0311429,The League of Extraordinary Gentlemen,2003,110,2026-10-05T13:11:38.784985
Liga de Mulheres,tt0104694,A League of Their Own,1992,128,2026-10-05T13:11:38.784985
Ligações Imprevistas,,,,,2026-10-05T13:11:38.784985
Limite Vertical,tt0190865,Vertical Limit,2000,124,2026-10-05T13:11:38.784985
Line Of Duty - O Resgate,tt3541524,Line of Duty,2019,98,2026-10-05T13:11:38.784985
Linha Mortal,tt2039338,Flatliners,2017,111,2026-10-05T13:11:38.784985
Lisa Frankenstein,tt21188080,Lisa Frankenstein,2024,102,2026-10-05T13:11:38.784985
Lobisomem,tt4216984,Wolf Man,2025,103,2026-10-05T13:11:38.784985
Locust,,,,,2026-10-05T13:11:38.784985
Looney Tunes: Daffy & Porky Salvam O Mundo,tt15352542,The Day the Earth Blew Up: A Looney Tunes Movie,2024,91,2026-10-05T13:11:38.784985
Louca por Compras,tt1093908,Confessions of a Shopaholic,2009,104,2026-10-05T13:11:38.784985
Love is a Dog´s Best Friend,tt37538636,Love Is a Dog's Best Friend,2025,80,2026-10-05T13:11:38.784985
Lutador - A Lei das Ruas,tt1082601,Fighting,2009,105,2026-10-05T13:11:38.784985
MIB: Homens de Negro 2,tt0120912,Men in Black II,2002,88,2026-10-05T13:11:38.784985
Madagáscar 2 (Vp),tt0479952,Madagascar: Escape 2 Africa,2008,89,2026-10-05T13:11:38.784985
Madagáscar 3 (Vp),tt1277953,Madagascar 3: Europe's Most Wanted,2012,93,2026-10-05T13:11:38.784985
Mafia Mamma,tt13923456,Mafia Mamma,2023,101,2026-10-05T13:11:38.784985
Mamã Küsters Vai para o Céu,tt0073424,Mutter Küsters' Fahrt zum Himmel,1975,108,2026-10-05T13:11:38.784985
Manteiga,tt1349451,Butter,2012,91,2026-10-05T13:11:38.784985
Maria Montessori,,,,,2026-10-05T13:11:38.784985
"Mary J. Blige, Amor Verdadeiro",,,,,2026-10-05T13:11:38.784985
"Mary J. Blige, a Força de Uma Mulher",,,,,2026-10-05T13:11:38.784985
Matrix Resurrections,tt10838180,The Matrix Resurrections,2021,148,2026-10-05T13:11:38.784985
Max Payne,tt0467197,Max Payne,2008,100,2026-10-05T13:11:38.784985
Mechanic: Assassino Profissional,tt3522806,Mechanic: Resurrection,2016,99,2026-10-05T13:11:38.784985
Meg 2: O Regresso Do Tubarão Gigante,tt9224104,Meg 2: The Trench,2023,116,2026-10-05T13:11:38.784985
Memórias de uma Gueixa,tt0397535,Memoirs of a Geisha,2005,146,2026-10-05T13:11:38.784985
Memórias do Teatro da Cornucópia,tt37699727,Memórias do Teatro da Cornucópia,2025,92,2026-10-05T13:11:38.784985
Mente Brilhante,tt4481414,Gifted,2017,101,2026-10-05T13:11:38.784985
Mentiras Sombrias,,,,,2026-10-05T13:11:38.784985
Merry Magic Christmas,tt28668784,Merry Magic Christmas,2023,90,2026-10-05T13:11:38.784985
Mestre do Crime,tt26442053,Old Guy,2024,89,2026-10-05T13:11:38.784985
Mestres da Ilusão: Nada é o que Parece,tt4712810,Now You See Me: Now You Don't,2025,112,2026-10-05T13:11:38.784985
Miami Vice,tt0430357,Miami Vice,2006,134,2026-10-05T13:11:38.784985
Mickey 17,tt12299608,Mickey 17,2025,137,2026-10-05T13:11:38.784985
Midnight Special - Poderes Misteriosos,tt2649554,Midnight Special,2016,112,2026-10-05T13:11:38.784985
Mil e Uma Maneiras de Bater as Botas,tt2557490,A Million Ways to Die in the West,2014,116,2026-10-05T13:11:38.784985
Miroirs No. 3,tt32247943,Miroirs No. 3,2025,86,2026-10-05T13:11:38.784985
Missão Impossivel,tt0117060,Mission: Impossible,1996,110,2026-10-05T13:11:38.784985
Missão: Impossível 2,tt0120755,Mission: Impossible II,2000,123,2026-10-05T13:11:38.784985
Money Monster,tt2241351,Money Monster,2016,98,2026-10-05T13:11:38.784985
Morning Show Mysteries: Crime para Todo o Sempre,,,,,2026-10-05T13:11:38.784985
Morrer de Amor,,,,,2026-10-05T13:11:38.784985
Mr Nobody Contra Putin,tt34965515,Mr. Nobody mod Putin,2025,90,2026-10-05T13:11:38.784985
Mr. Burton,tt5171016,Mr. Burton,2025,124,2026-10-05T13:11:38.784985
Mr. Deeds,tt0280590,Mr. Deeds,2002,96,2026-10-05T13:11:38.784985
Mr. Klein - Um Homem na Sombra,tt0074916,Mr. Klein,1976,123,2026-10-05T13:11:38.784985
Mulher-Maravilha,tt0451279,Wonder Woman,2017,141,2026-10-05T13:11:38.784985
Mulheres!,tt0032143,The Women,1939,133,2026-10-05T13:11:38.784985
My Norwegian Holiday,tt29233518,My Norwegian Holiday,2023,84,2026-10-05T13:11:38.784985
Má Vizinhança,tt2004420,Neighbors,2014,97,2026-10-05T13:11:38.784985
Má Vizinhança 2,tt4438848,Neighbors 2: Sorority Rising,2016,93,2026-10-05T13:11:38.784985
Mínimos (VP),tt2293640,Minions,2015,91,2026-10-05T13:11:38.784985
Música e Letra,tt0758766,Music and Lyrics,2007,96,2026-10-05T13:11:38.784985
Na Terra de Santos e Pecadores,tt15782690,In the Land of Saints and Sinners,2023,106,2026-10-05T13:11:38.784985
Na Trafaria,,,,,2026-10-05T13:11:38.784985
Nada Mais Que Steve,tt0881891,All About Steve,2009,99,2026-10-05T13:11:38.784985
Natal na Escócia,,,,,2026-10-05T13:11:38.784985
Nem Respires 2,tt6246322,Don't Breathe 2,2021,98,2026-10-05T13:11:38.784985
Nikki e Nora: As Gémeas Detetives,,,,,2026-10-05T13:11:38.784985
Ninguém,tt7888964,Nobody,2021,92,2026-10-05T13:11:38.784985
No Rasto Do Assassino,tt10275534,To Catch a Killer,2023,119,2026-10-05T13:11:38.784985
Nome De Código: Cloverfield,tt1060277,Cloverfield,2008,85,2026-10-05T13:11:38.784985
Nos Limites da Lei,tt2072233,Sleepless,2017,95,2026-10-05T13:11:38.784985
Nowhere,tt0119809,Nowhere,1997,83,2026-10-05T13:11:38.784985
Não Fales do Mal,tt27534307,Speak No Evil,2024,110,2026-10-05T13:11:38.784985
"Não Te Preocupes, Querida",tt10731256,Don't Worry Darling,2022,123,2026-10-05T13:11:38.784985
Nós,tt6857112,Us,2019,116,2026-10-05T13:11:38.784985
O Agente Americano,,,,,2026-10-05T13:11:38.784985
O Amigo da Minha Amiga,tt0092550,L'Ami de mon amie,1987,103,2026-10-05T13:11:38.784985
O Amor Não Tira Férias,tt0457939,The Holiday,2006,138,2026-10-05T13:11:38.784985
O Anelar,,,,,2026-10-05T13:11:38.784985
O Assassino Perfeito,,,,,2026-10-05T13:11:38.784985
O Bebé de Bridget Jones,tt1473832,Bridget Jones's Baby,2016,122,2026-10-05T13:11:38.784985
O Belo Animal,,,,,2026-10-05T13:11:38.784985
O Ben Está De Volta,tt7545524,Ben Is Back,2018,103,2026-10-05T13:11:38.784985
O Brutalista,tt8999762,The Brutalist,2024,215,2026-10-05T13:11:38.784985
O Cantor de Jazz,tt0018037,The Jazz Singer,1927,96,2026-10-05T13:11:38.784985
O Casamento nos Hamptons,,,,,2026-10-05T13:11:38.784985
O Caso DeLorean,,,,,2026-10-05T13:11:38.784985
O Caso Delorean,,,,,2026-10-05T13:11:38.784985
O Caso dos Estrangeiros,tt21272942,قضية الغرباء,2025,104,2026-10-05T13:11:38.784985
O Cavaleiro das Trevas,tt0468569,The Dark Knight,2008,152,2026-10-05T13:11:38.784985
O Comando dos Tigres Negros,tt0079227,Good Guys Wear Black,1978,95,2026-10-05T13:11:38.784985
O Corpo do Meu Inimigo,,,,,2026-10-05T13:11:38.784985
O Cristal Encantado,tt0083791,The Dark Crystal,1982,93,2026-10-05T13:11:38.784985
O Círculo Vermelho,tt0065531,Le Cercle rouge,1970,140,2026-10-05T13:11:38.784985
O Código Do Silêncio,tt0088936,Code of Silence,1985,101,2026-10-05T13:11:38.784985
O Desejo de Natal,tt1577038,A Christmas Wish,2011,93,2026-10-05T13:11:38.784985
O Dilema,tt1578275,The Dilemma,2011,111,2026-10-05T13:11:38.784985
O Duque,,,,,2026-10-05T13:11:38.784985
O Falcão Inglês,tt0165854,The Limey,1999,89,2026-10-05T13:11:38.784985
O Fantasma De Canterville,tt2403439,The Canterville Ghost,2023,89,2026-10-05T13:11:38.784985
O Feiticeiro,,,,,2026-10-05T13:11:38.784985
O Feiticeiro de Oz,tt0032138,The Wizard of Oz,1939,101,2026-10-05T13:11:38.784985
O Fiel Jardineiro,tt0387131,The Constant Gardener,2005,129,2026-10-05T13:11:38.784985
O Fugitivo,tt0106977,The Fugitive,1993,131,2026-10-05T13:11:38.784985
O Fuzileiro Implacável,,,,,2026-10-05T13:11:38.784985
O Gigante,tt0049261,Giant,1956,201,2026-10-05T13:11:38.784985
O Grande Desafio,tt0184526,玻璃樽,1999,121,2026-10-05T13:11:38.784985
O Grande Gatsby,tt1343092,The Great Gatsby,2013,143,2026-10-05T13:11:38.784985
O Grito,tt0050458,Il Grido,1957,115,2026-10-05T13:11:38.784985
O Guarda-Costas e o Assassino,tt1959563,The Hitman's Bodyguard,2017,118,2026-10-05T13:11:38.784985
O Herói Sacrílego,tt0048610,新・平家物語,1955,108,2026-10-05T13:11:38.784985
O Hobbit: A Batalha dos Cinco Exércitos,tt2310332,The Hobbit: The Battle of the Five Armies,2014,144,2026-10-05T13:11:38.784985
O Hobbit: A Desolação de Smaug,tt1170358,The Hobbit: The Desolation of Smaug,2013,161,2026-10-05T13:11:38.784985
O Hobbit: Uma Viagem Inesperada,tt0903624,The Hobbit: An Unexpected Journey,2012,169,2026-10-05T13:11:38.784985
O Homem Da Máscara De Ferro,tt0120744,The Man in the Iron Mask,1998,132,2026-10-05T13:11:38.784985
O Homem Mais Sortudo da América,,,,,2026-10-05T13:11:38.784985
O Iate,,,,,2026-10-05T13:11:38.784985
O Implacável,tt9239888,Lo spietato,2019,111,2026-10-05T13:11:38.784985
O Incompreendido,tt0060538,Incompreso (Vita col figlio),1967,99,2026-10-05T13:11:38.784985
O Jesuíta,,,,,2026-10-05T13:11:38.784985
O Jogo,tt0119174,The Game,1997,130,2026-10-05T13:11:38.784985
O Lado Negro,,,,,2026-10-05T13:11:38.784985
O Leão da Estrela (2015),tt4221602,O Leão da Estrela,2015,110,2026-10-05T13:11:38.784985
O Lugar dos Sonhos,,,,,2026-10-05T13:11:38.784985
O Magnífico,,,,,2026-10-05T13:11:38.784985
O Mago do Kremlin,tt32386654,Le Mage du Kremlin,2026,136,2026-10-05T13:11:38.784985
O Mal Casado,tt0408839,The Heartbreak Kid,2007,116,2026-10-05T13:11:38.784985
O Marginal,tt0191265,O Marginal,1974,105,2026-10-05T13:11:38.784985
O Massacre,tt0091828,Raw Deal,1986,106,2026-10-05T13:11:38.784985
O Match Perfeito,tt30253473,Materialists,2025,116,2026-10-05T13:11:38.784985
O Mecânico,tt0068931,The Mechanic,1972,99,2026-10-05T13:11:38.784985
O Milagre Segundo Salomé,tt0411665,O Milagre Segundo Salomé,2004,98,2026-10-05T13:11:38.784985
O Mundo Perdido - Jurassic Park,tt0119567,The Lost World: Jurassic Park,1997,123,2026-10-05T13:11:38.784985
O Mundo Secreto dos Dragões (VP),tt7080422,Dragon Rider,2020,92,2026-10-05T13:11:38.784985
O Mundo da Lua,tt14534992,Peterchens Mondfahrt,2021,84,2026-10-05T13:11:38.784985
O Mundo da Lua (VP),tt14534992,Peterchens Mondfahrt,2021,84,2026-10-05T13:11:38.784985
O Poder da Mudança,tt23398348,Rule Breakers,2025,120,2026-10-05T13:11:38.784985
O Predador: Primeira Presa,tt11866324,Prey,2022,99,2026-10-05T13:11:38.784985
O Preço da Ganância,,,,,2026-10-05T13:11:38.784985
O Primeiro Encontro,tt2543164,Arrival,2016,116,2026-10-05T13:11:38.784985
O Profissional,tt0082949,Le Professionnel,1981,108,2026-10-05T13:11:38.784985
O Príncipe Das Marés,tt0102713,The Prince of Tides,1991,132,2026-10-05T13:11:38.784985
O Regresso Da Múmia,tt0209163,The Mummy Returns,2001,129,2026-10-05T13:11:38.784985
O Regresso do Rebelde,tt0080377,Any Which Way You Can,1980,115,2026-10-05T13:11:38.784985
O Resgate de Bardejov,,,,,2026-10-05T13:11:38.784985
O Rochedo,tt0117500,The Rock,1996,137,2026-10-05T13:11:38.784985
O Santo,tt0120053,The Saint,1997,116,2026-10-05T13:11:38.784985
O Senhor Dos Anéis: A Guerra Dos Rohirrim,tt14824600,The Lord of the Rings: The War of the Rohirrim,2024,134,2026-10-05T13:11:38.784985
O Sobrevivente,tt1091191,Lone Survivor,2013,121,2026-10-05T13:11:38.784985
O Sorriso de Mona Lisa,tt0304415,Mona Lisa Smile,2003,117,2026-10-05T13:11:38.784985
O Substituto,tt0117774,The Substitute,1996,114,2026-10-05T13:11:38.784985
O Terremoto,,,,,2026-10-05T13:11:38.784985
O Tesouro Encalhado,tt0770752,Fool's Gold,2008,112,2026-10-05T13:11:38.784985
O Último Airbender,tt0938283,The Last Airbender,2010,113,2026-10-05T13:11:38.784985
O Último Comboio do Katanga,tt0062863,Dark of the Sun,1968,101,2026-10-05T13:11:38.784985
O Último Vermeer,,,,,2026-10-05T13:11:38.784985
Ocean's 13,tt0496806,Ocean's Thirteen,2007,122,2026-10-05T13:11:38.784985
"Oh, Olá!",tt33292655,"Oh, Hi!",2025,95,2026-10-05T13:11:38.784985
Oliver!,tt0063385,Oliver!,1968,153,2026-10-05T13:11:38.784985
Operação Quebra-Nozes,tt2097333,Get Squirrely,2015,85,2026-10-05T13:11:38.784985
Operação Secreta,tt1879016,Operation Mincemeat,2022,128,2026-10-05T13:11:38.784985
Operação Swordfish,tt0244244,Swordfish,2001,99,2026-10-05T13:11:38.784985
Operações Especiais,tt2119474,Maximum Conviction,2012,98,2026-10-05T13:11:38.784985
Orwell 2+2=5,tt27052428,Orwell: 2+2=5,2025,119,2026-10-05T13:11:38.784985
Os Bad Boys,tt0112442,Bad Boys,1995,119,2026-10-05T13:11:38.784985
Os Chapéus de Chuva de Cherburgo,tt0058450,Les Parapluies de Cherbourg,1964,92,2026-10-05T13:11:38.784985
Os Condenados De Shawshank,tt0111161,The Shawshank Redemption,1994,142,2026-10-05T13:11:38.784985
Os Deuses do Egipto,tt2404233,Gods of Egypt,2016,127,2026-10-05T13:11:38.784985
Os Enforcados,tt31332352,Os Enforcados,2025,125,2026-10-05T13:11:38.784985
Os Fantasmas de Ismael,tt5687040,Les Fantômes d'Ismaël,2017,114,2026-10-05T13:11:38.784985
Os Fura Casamentos,tt0396269,Wedding Crashers,2005,119,2026-10-05T13:11:38.784985
Os Goonies,tt0089218,The Goonies,1985,114,2026-10-05T13:11:38.784985
Os Mauzões,tt8115900,The Bad Guys,2022,100,2026-10-05T13:11:38.784985
Os Mercen4Rios,tt3291150,Expend4bles,2023,103,2026-10-05T13:11:38.784985
Os Mercenários 3,tt2333784,The Expendables 3,2014,126,2026-10-05T13:11:38.784985
Os Quebra-Nozes,tt30144381,Nutcrackers,2024,105,2026-10-05T13:11:38.784985
Os Rituais da Morte,,,,,2026-10-05T13:11:38.784985
Os Salteadores Da Arca Perdida,tt0082971,Raiders of the Lost Ark,1981,115,2026-10-05T13:11:38.784985
Os Sete Anões e os Sapatos Mágicos,tt4429160,레드슈즈,2019,91,2026-10-05T13:11:38.784985
Os Sonhadores,tt0309987,The Dreamers,2003,115,2026-10-05T13:11:38.784985
Os Três Mosqueteiros: Milady,tt12672620,Les Trois Mousquetaires : Milady,2023,115,2026-10-05T13:11:38.784985
Ossos E Tudo,tt10168670,Bones and All,2022,131,2026-10-05T13:11:38.784985
Outono Escaldante,,,,,2026-10-05T13:11:38.784985
Oxalá Seja Menina!,,,,,2026-10-05T13:11:38.784985
Pago Para Esquecer,tt0338337,Paycheck,2003,119,2026-10-05T13:11:38.784985
Paixão Azul,,,,,2026-10-05T13:11:38.784985
Para Filadélfia Com Amor,,,,,2026-10-05T13:11:38.784985
Para Sempre Cinderela,tt0120631,EverAfter,1998,121,2026-10-05T13:11:38.784985
Passageiros,tt0449487,Passengers,2008,93,2026-10-05T13:11:38.784985
Patrulha do Tempo,tt0111438,Timecop,1994,99,2026-10-05T13:11:38.784985
"Pedro, o Louco",tt0059592,Pierrot le fou,1965,110,2026-10-05T13:11:38.784985
Percy Jackson e o Mar dos Monstros,tt1854564,Percy Jackson: Sea of Monsters,2013,106,2026-10-05T13:11:38.784985
Percy Jackson e os Ladrões do Olimpo,tt0814255,Percy Jackson & the Olympians: The Lightning Thief,2010,119,2026-10-05T13:11:38.784985
Perseguido Pelo Passado,tt0106519,Carlito's Way,1993,144,2026-10-05T13:11:38.784985
Perverso,,,,,2026-10-05T13:11:38.784985
Pig - A Viagem de Rob,tt11003218,Pig,2021,91,2026-10-05T13:11:38.784985
Pinóquio (2019),tt8333746,Pinocchio,2019,120,2026-10-05T13:11:38.784985
Pistol Whipped - Jogo Mortal,tt1014801,Pistol Whipped,2008,100,2026-10-05T13:11:38.784985
Planeta Vermelho,tt0199753,Red Planet,2000,106,2026-10-05T13:11:38.784985
Planeta Willy (VP),tt8329148,"Terra Willy, planète inconnue",2019,86,2026-10-05T13:11:38.784985
Poder Absoluto,tt0118548,Absolute Power,1997,121,2026-10-05T13:11:38.784985
Podia-te Acontecer,tt0120776,One True Thing,1998,127,2026-10-05T13:11:38.784985
Point Break - Caçadores de Emoções,tt2058673,Point Break,2015,114,2026-10-05T13:11:38.784985
Pokémon: Detetive Pikachu,tt5884052,Pokémon Detective Pikachu,2019,105,2026-10-05T13:11:38.784985
Postais do Coração,,,,,2026-10-05T13:11:38.784985
Predador,tt0093773,Predator,1987,107,2026-10-05T13:11:38.784985
Pretty Woman - Um Sonho de Mulher,tt0100405,Pretty Woman,1990,119,2026-10-05T13:11:38.784985
Primeira Fila,,,,,2026-10-05T13:11:38.784985
Procura-se Morto ou Vivo,tt0094293,Wanted: Dead or Alive,1987,106,2026-10-05T13:11:38.784985
Programa da Noite,tt6107548,Late Night,2019,102,2026-10-05T13:11:38.784985
Promessas Perigosas,tt0765443,Eastern Promises,2007,101,2026-10-05T13:11:38.784985
Punisher - O Vingador,tt0330793,The Punisher,2004,124,2026-10-05T13:11:38.784985
Pássaro Branco - Uma História Extraordinária,,,,,2026-10-05T13:11:38.784985
Pânico no Túnel,tt0116040,Daylight,1996,115,2026-10-05T13:11:38.784985
Quando for jovem,,,,,2026-10-05T13:11:38.784985
Quase como um Filme de Natal,,,,,2026-10-05T13:11:38.784985
Que Ganhe o Melhor Casamento,,,,,2026-10-05T13:11:38.784985
Que Ganhe o melhor Casamento,,,,,2026-10-05T13:11:38.784985
Quero Ser Uma Estrela,,,,,2026-10-05T13:11:38.784985
Quero Ser uma Estrela,,,,,2026-10-05T13:11:38.784985
Quero-te Tanto,,,,,2026-10-05T13:11:38.784985
R.I.P.D. - Agentes Do Outro Mundo,tt0790736,R.I.P.D.,2013,96,2026-10-05T13:11:38.784985
Rambo III,tt0095956,Rambo III,1988,102,2026-10-05T13:11:38.784985
"Rambo, A Última Batalha",tt1206885,Rambo: Last Blood,2019,101,2026-10-05T13:11:38.784985
Ran - Os Senhores da Guerra,tt0089881,乱,1985,162,2026-10-05T13:11:38.784985
Rangers,tt0218542,Rangers,2000,99,2026-10-05T13:11:38.784985
Raoul Wallenberg: Na Sombra do Holocausto,,,,,2026-10-05T13:11:38.784985
Rapto,tt1458169,Kidnap,2017,94,2026-10-05T13:11:38.784985
Red One: Missão Secreta,tt14948432,Red One,2024,124,2026-10-05T13:11:38.784985
Red Right Hand - A Vingança,,,,,2026-10-05T13:11:38.784985
Reminiscência,tt3272066,Reminiscence,2021,116,2026-10-05T13:11:38.784985
Renegados,tt4106376,Renegades,2017,106,2026-10-05T13:11:38.784985
Reservation Road - Traídos pelo Destino,tt0831884,Reservation Road,2007,102,2026-10-05T13:11:38.784985
Resgate,tt0117438,Ransom,1996,120,2026-10-05T13:11:38.784985
Ricki e os Flash,tt3623726,Ricki and the Flash,2015,100,2026-10-05T13:11:38.784985
Ricky Stanicky,tt1660648,Ricky Stanicky,2024,114,2026-10-05T13:11:38.784985
"Rise and Shine, Benedict Stone",tt14940196,"Rise and Shine, Benedict Stone",2021,84,2026-10-05T13:11:38.784985
Rixa No Bloco 99,tt5657856,Brawl in Cell Block 99,2017,132,2026-10-05T13:11:38.784985
Robin Hood,tt0955308,Robin Hood,2010,140,2026-10-05T13:11:38.784985
Robin Hood: Príncipe dos Ladrões,tt0102798,Robin Hood: Prince of Thieves,1991,137,2026-10-05T13:11:38.784985
Robocop 2,tt0100502,RoboCop 2,1990,82,2026-10-05T13:11:38.784985
"Robocop 3, Fora da Lei",tt0107978,RoboCop 3,1993,104,2026-10-05T13:11:38.784985
"Robocop, o Polícia do Futuro",tt0093870,RoboCop,1987,102,2026-10-05T13:11:38.784985
Robot Selvagem,tt29623480,The Wild Robot,2024,104,2026-10-05T13:11:38.784985
"Roma, Città Aperta",tt0038890,Roma città aperta,1945,100,2026-10-05T13:11:38.784985
Romance Arriscado,tt0343135,Along Came Polly,2004,90,2026-10-05T13:11:38.784985
Rome in Love,tt7049178,Rome in Love,2019,90,2026-10-05T13:11:38.784985
Rua da Vergonha,tt0048933,赤線地帯,1956,87,2026-10-05T13:11:38.784985
Ruptura Explosiva,tt0102685,Point Break,1991,122,2026-10-05T13:11:38.784985
Ruth,,,,,2026-10-05T13:11:38.784985
Sabotagem,tt1742334,Sabotage,2014,109,2026-10-05T13:11:38.784985
Sahara,tt0318649,Sahara,2005,124,2026-10-05T13:11:38.784985
Salt-N-Pepa - No Mundo do Hip-Hop,,,,,2026-10-05T13:11:38.784985
Saltitão E A Magia Do Tempo,tt31260224,Hopper et le secret de la marmotte,2025,89,2026-10-05T13:11:38.784985
Salvar o Casamento,,,,,2026-10-05T13:11:38.784985
Santuário De Assassinos,,,,,2026-10-05T13:11:38.784985
Scarface - A Força do Poder,tt0086250,Scarface,1983,170,2026-10-05T13:11:38.784985
School For Sex,tt0063564,School for Sex,1969,77,2026-10-05T13:11:38.784985
Scooby Doo 2: Monstros À Solta,tt0331632,Scooby-Doo 2: Monsters Unleashed,2004,93,2026-10-05T13:11:38.784985
Scooby-Doo,tt0267913,Scooby-Doo,2002,86,2026-10-05T13:11:38.784985
"Se Eu Tivesse Pernas, Dava-te Um Pontapé",tt18382850,If I Had Legs I'd Kick You,2025,113,2026-10-05T13:11:38.784985
Season For Love,tt8826626,Season for Love,2018,90,2026-10-05T13:11:38.784985
Sede de Viver,,,,,2026-10-05T13:11:38.784985
Self Reliance,tt26084002,Self Reliance,2024,91,2026-10-05T13:11:38.784985
Sem Identidade,tt1401152,Unknown,2011,113,2026-10-05T13:11:38.784985
Sem Refúgio,tt28129054,Take Cover,2024,89,2026-10-05T13:11:38.784985
Separados De Fresco,,,,,2026-10-05T13:11:38.784985
Sete Vezes Mulher,tt0062502,Woman Times Seven,1967,100,2026-10-05T13:11:38.784985
Shaft,tt0067741,Shaft,1971,100,2026-10-05T13:11:38.784985
Sicário - Infiltrado,tt3397884,Sicario,2015,121,2026-10-05T13:11:38.784985
Sincerely Truly Christmas,tt23391948,Sincerely Truly Christmas,2023,90,2026-10-05T13:11:38.784985
Sintonia de Natal,,,,,2026-10-05T13:11:38.784985
Sisu: Estrada da Vingança,tt31844586,Sisu 2,2025,89,2026-10-05T13:11:38.784985
Sleeping Dogs - A Teia,tt8542964,Sleeping Dogs,2024,112,2026-10-05T13:11:38.784985
Snack Shack,tt22004344,Snack Shack,2024,112,2026-10-05T13:11:38.784985
Sniper Americano,tt2179136,American Sniper,2014,133,2026-10-05T13:11:38.784985
Sniper: Special Ops,tt5344794,Sniper: Special Ops,2016,84,2026-10-05T13:11:38.784985
Snow E A Princesa,tt17164334,Снежная Королева: Разморозка,2022,73,2026-10-05T13:11:38.784985
Sobre a Noite Passada,tt1826590,About Last Night,2014,100,2026-10-05T13:11:38.784985
Sobreviventes,tt27052709,Sobreviventes,2025,105,2026-10-05T13:11:38.784985
Sobreviver,tt27032708,Survivre,2024,90,2026-10-05T13:11:38.784985
Soldado Universal 4: Juízo Final,tt1659343,Universal Soldier: Day of Reckoning,2012,114,2026-10-05T13:11:38.784985
Soldado Universal: O Regresso,tt0176269,Universal Soldier: The Return,1999,82,2026-10-05T13:11:38.784985
Soldados Da Fortuna,tt0429493,The A-Team,2010,117,2026-10-05T13:11:38.784985
Som da Liberdade,tt7599146,Sound of Freedom,2023,131,2026-10-05T13:11:38.784985
Sombras,,,,,2026-10-05T13:11:38.784985
Sonhar Com Leões,tt15063134,Sonhar com Leões,2025,87,2026-10-05T13:11:38.784985
Sonhos,tt31710990,Dreams: Sueños,2025,98,2026-10-05T13:11:38.784985
Sonhos de Bolo de Noiva,,,,,2026-10-05T13:11:38.784985
Sou Frígida... Porquê?,,,,,2026-10-05T13:11:38.784985
Space Jam,tt0117705,Space Jam,1996,87,2026-10-05T13:11:38.784985
Speed Racer,tt0811080,Speed Racer,2008,135,2026-10-05T13:11:38.784985
Splitsville – Amor em Maus Lençóis,,,,,2026-10-05T13:11:38.784985
Stromboli,tt0041931,Stromboli (Terra di Dio),1950,107,2026-10-05T13:11:38.784985
"Subitamente, Sós",,,,,2026-10-05T13:11:38.784985
Super Tornado,tt10559102,Supercell,2023,100,2026-10-05T13:11:38.784985
Super/Homem: A História de Christopher Reeve,tt27902121,Super/Man: The Christopher Reeve Story,2024,104,2026-10-05T13:11:38.784985
Supremacia,tt0372183,The Bourne Supremacy,2004,108,2026-10-05T13:11:38.784985
Susana,tt0043018,Susana,1951,86,2026-10-05T13:11:38.784985
Sven,tt31637522,Sven,2024,126,2026-10-05T13:11:38.784985
Sweeney Todd: O Terrível Barbeiro de Fleet Street,tt0408236,Sweeney Todd: The Demon Barber of Fleet Street,2007,116,2026-10-05T13:11:38.784985
Swelter - A Vingança,tt2112277,Swelter,2014,96,2026-10-05T13:11:38.784985
Só Podiam Ser Irmãs,tt1850457,Sisters,2015,118,2026-10-05T13:11:38.784985
"Tarzan, o Homem Macaco",tt0023551,Tarzan the Ape Man,1932,100,2026-10-05T13:11:38.784985
Tatort Vingança - Ep. 1,,,,,2026-10-05T13:11:38.784985
Taxi 5,tt7238392,Taxi 5,2018,102,2026-10-05T13:11:38.784985
Teia de Corrupção,tt5687270,The Corrupted,2019,103,2026-10-05T13:11:38.784985
Tens a Certeza?,tt1341188,How Do You Know,2010,121,2026-10-05T13:11:38.784985
Teoria Da Conspiração,tt0118883,Conspiracy Theory,1997,135,2026-10-05T13:11:38.784985
Terapia Para Casais,tt1078940,Couples Retreat,2009,113,2026-10-05T13:11:38.784985
Terapia de Familia,tt27821575,Jamais sans mon psy,2024,91,2026-10-05T13:11:38.784985
The Acant - Acerto de Contas,,,,,2026-10-05T13:11:38.784985
The Batman,tt1877830,The Batman,2022,175,2026-10-05T13:11:38.784985
The Blessing Bracelet,tt27010304,The Blessing Bracelet,2023,84,2026-10-05T13:11:38.784985
The Bricklayer: Missão Mortal,tt2016303,The Bricklayer,2023,110,2026-10-05T13:11:38.784985
The Commuter - O Passageiro,tt1590193,The Commuter,2018,105,2026-10-05T13:11:38.784985
The Departed: Entre Inimigos,tt0407887,The Departed,2006,151,2026-10-05T13:11:38.784985
The Equalizer - Sem Misericórdia,tt0455944,The Equalizer,2014,131,2026-10-05T13:11:38.784985
The Fire Inside,tt6133444,The Fire Inside,2024,109,2026-10-05T13:11:38.784985
The Flash (2023),tt0439572,The Flash,2023,144,2026-10-05T13:11:38.784985
The Hunger Games: A Revolta - Parte 1,tt1951265,The Hunger Games: Mockingjay - Part 1,2014,123,2026-10-05T13:11:38.784985
The Hunger Games: A Revolta - Parte 2,tt1951266,The Hunger Games: Mockingjay - Part 2,2015,137,2026-10-05T13:11:38.784985
The Hunter's Prayer - Assassino Contratado,tt2674358,The Hunter's Prayer,2017,91,2026-10-05T13:11:38.784985
The Ice Road: Missão De Risco,tt3758814,The Ice Road,2021,93,2026-10-05T13:11:38.784985
The Killer´s Game,tt0327785,The Killer's Game,2024,106,2026-10-05T13:11:38.784985
The King's Man: O Início,tt6856242,The King's Man,2021,131,2026-10-05T13:11:38.784985
The Ministry Of Ungentlemanly Warfare,tt5177120,The Ministry of Ungentlemanly Warfare,2024,120,2026-10-05T13:11:38.784985
The Outpost,tt3833480,The Outpost,2020,123,2026-10-05T13:11:38.784985
The Railway Man - Uma Longa Viagem,tt2058107,The Railway Man,2013,116,2026-10-05T13:11:38.784985
The Secret: Dare to Dream,tt4411584,The Secret: Dare to Dream,2020,107,2026-10-05T13:11:38.784985
The Smashing Machine: Coração de Lutador,tt11214558,The Smashing Machine,2025,123,2026-10-05T13:11:38.784985
The Wedding Cottage,tt27010338,The Wedding Cottage,2023,84,2026-10-05T13:11:38.784985
"To Her, with Love",tt21617152,"To Her, With Love",2022,84,2026-10-05T13:11:38.784985
Togo,tt5116302,Togo,2019,117,2026-10-05T13:11:38.784985
Tommy,tt0073812,Tommy,1975,111,2026-10-05T13:11:38.784985
Tornados,tt12584954,Twisters,2024,123,2026-10-05T13:11:38.784985
Tradições de Natal na Quinta Carbell,,,,,2026-10-05T13:11:38.784985
Transformers - Retaliação,tt1055369,Transformers: Revenge of the Fallen,2009,147,2026-10-05T13:11:38.784985
Transformers: Era da Extinção,tt2109248,Transformers: Age of Extinction,2014,165,2026-10-05T13:11:38.784985
Transformers: O Início,tt8864596,Transformers One,2024,104,2026-10-05T13:11:38.784985
Transformers: O Último Cavaleiro,tt3371366,Transformers: The Last Knight,2017,149,2026-10-05T13:11:38.784985
Triplo 9,tt1712261,Triple 9,2016,115,2026-10-05T13:11:38.784985
Trocados antes de Nascer,,,,,2026-10-05T13:11:38.784985
Tu Feriste os meus Sentimentos,,,,,2026-10-05T13:11:38.784985
Tudo Bons Rapazes,tt0099685,GoodFellas,1990,146,2026-10-05T13:11:38.784985
Tudo em Todo o Lado ao Mesmo Tempo,tt6710474,Everything Everywhere All at Once,2022,140,2026-10-05T13:11:38.784985
Ultimato,tt0440963,The Bourne Ultimatum,2007,110,2026-10-05T13:11:38.784985
Um Amor de Outro Mundo,,,,,2026-10-05T13:11:38.784985
Um Amor à Beira D´Água,,,,,2026-10-05T13:11:38.784985
Um Casamento na Costa Rica,,,,,2026-10-05T13:11:38.784985
Um Dia de Leão,,,,,2026-10-05T13:11:38.784985
Um Encontro de Natal Perfeito,,,,,2026-10-05T13:11:38.784985
Um Encontro na Escócia,,,,,2026-10-05T13:11:38.784985
Um Homem Furioso,tt11083552,Wrath of Man,2021,119,2026-10-05T13:11:38.784985
Um Indomável Rebelde,tt0077523,Every Which Way but Loose,1978,110,2026-10-05T13:11:38.784985
Um Lugar Silencioso: Dia Um,tt13433802,A Quiet Place: Day One,2024,100,2026-10-05T13:11:38.784985
Um Pai à Maneira,tt0142342,Big Daddy,1999,93,2026-10-05T13:11:38.784985
Um Par para o Natal,,,,,2026-10-05T13:11:38.784985
Um Parceiro para Ornamentar o Natal,,,,,2026-10-05T13:11:38.784985
Um Plano para o Natal,,,,,2026-10-05T13:11:38.784985
Um Príncipe Em Nova Iorque,tt0094898,Coming to America,1988,112,2026-10-05T13:11:38.784985
Um Romance Real em Ibiza,,,,,2026-10-05T13:11:38.784985
Um Sonho Possível,tt0878804,The Blind Side,2009,129,2026-10-05T13:11:38.784985
Um Susto De Família 2 (VP),tt15096796,Monster Family 2,2021,99,2026-10-05T13:11:38.784985
Um Susto de Família 2,tt15096796,Monster Family 2,2021,99,2026-10-05T13:11:38.784985
Um Trunfo na Manga,tt0475394,Smokin' Aces,2006,109,2026-10-05T13:11:38.784985
Um Verão Inesquecível,,,,,2026-10-05T13:11:38.784985
Uma Noite No Zoo,tt29544253,Night of the Zoopocalypse,2025,88,2026-10-05T13:11:38.784985
Uma Traição Fatal,tt1506999,Haywire,2011,93,2026-10-05T13:11:38.784985
Unforgettable Christmas,tt27728524,Unforgettable Christmas,2023,90,2026-10-05T13:11:38.784985
Unthinkably Good Things,tt18955596,Unthinkably Good Things,2022,84,2026-10-05T13:11:38.784985
Valerian e a Cidade dos Mil Planetas,tt2239822,Valerian and the City of a Thousand Planets,2017,137,2026-10-05T13:11:38.784985
Velocidade Furiosa 6,tt1905041,Fast & Furious 6,2013,130,2026-10-05T13:11:38.784985
Velocidade Furiosa 7,tt2820852,Furious 7,2015,138,2026-10-05T13:11:38.784985
Vendetta,tt14849038,Vendetta,2022,96,2026-10-05T13:11:38.784985
Venom,tt1270797,Venom,2018,112,2026-10-05T13:11:38.784985
Vestido a Rigor,tt0290095,The Tuxedo,2002,98,2026-10-05T13:11:38.784985
Vida de Mentira,,,,,2026-10-05T13:11:38.784985
Vigarista à Vista,tt2024432,Identity Thief,2013,111,2026-10-05T13:11:38.784985
Vingança Com Honra,,,,,2026-10-05T13:11:38.784985
Virgem aos 40 Anos,tt0405422,The 40 Year-Old Virgin,2005,116,2026-10-05T13:11:38.784985
Viúva Clicquot,,,,,2026-10-05T13:11:38.784985
Voa Comigo,,,,,2026-10-05T13:11:38.784985
Voa Comigo (2023),,,,,2026-10-05T13:11:38.784985
Vôo em Fúria,tt0783518,Flight of Fury,2007,98,2026-10-05T13:11:38.784985
Weird: A História de Al Yankovic,,,,,2026-10-05T13:11:38.784985
When Love Springs,tt24484852,When Love Springs,2023,90,2026-10-05T13:11:38.784985
Wicked,tt1262426,Wicked,2024,162,2026-10-05T13:11:38.784985
Wind River,tt5362988,Wind River,2017,107,2026-10-05T13:11:38.784985
XXX - Missão Radical,tt0295701,xXx,2002,124,2026-10-05T13:11:38.784985
XXX2: Estado Radical,tt0329774,xXx: State of the Union,2005,101,2026-10-05T13:11:38.784985
Yakuza,,,,,2026-10-05T13:11:38.784985
Zoe´s Having a Baby,tt23867376,Zoe's Having a Baby,2023,90,2026-10-05T13:11:38.784985
Zoolander,tt0196229,Zoolander,2001,89,2026-10-05T13:11:38.784985
À Luz do Sol,tt0054189,Plein soleil,1960,118,2026-10-05T13:11:38.784985
À Prova de Bala,tt0115783,Bulletproof,1996,84,2026-10-05T13:11:38.784985
Ângelo na Floresta Mágica,tt23448260,Angelo dans la forêt mystérieuse,2024,81,2026-10-05T13:11:38.784985
Éden,tt23149780,Eden,2025,129,2026-10-05T13:11:38.784985
Índia,,,,,2026-10-05T13:11:38.784985
